step,tokens_seen,epoch_frac,loss,perplexity,z_loss,lr_muon,lr_adamw,grad_norm_muon,grad_norm_adamw,mamba_grad_norm,attn_grad_norm,ffn_grad_norm,tokens_per_sec,gpu_mem_mb,peak_gpu_mem_mb,elapsed_s
10,2579220,0.00027,11.21189,74005.394,0.0,0.00035778175313059033,5.366726296958854e-06,6.497247219085693,0.48866987228393555,6.472287509374769,0.49451937474013646,0.2814535099529498,21678.3,1750.8,7924.0,217.6
20,5158440,0.00054,10.89602,53961.039,0.0,0.0007155635062611807,1.0733452593917709e-05,7.789911270141602,0.7958824038505554,7.762315865850925,0.5818515312039599,0.30145343570534316,22386.0,1750.8,7924.0,334.3
30,7737660,0.0008,10.30135,29772.854,0.0,0.001073345259391771,1.6100178890876564e-05,11.310101509094238,0.9050477147102356,11.285488329963446,0.6650434690052985,0.3376749177826189,21816.8,1750.8,7924.0,453.1
40,10316880,0.00107,9.68291,16041.143,0.0,0.0014311270125223613,2.1466905187835417e-05,5.375847339630127,0.7017847299575806,5.3690517830229725,0.22459294407147534,0.1505529540623358,22397.3,1750.8,7924.0,568.9
50,12896100,0.00134,9.03538,8394.868,0.0,0.0017889087656529517,2.6833631484794274e-05,2.8887991905212402,0.5587940216064453,2.8848367109622224,0.12149462703889587,0.09024878800722257,21983.2,1750.8,7924.0,686.3
60,15475320,0.00161,8.64471,5680.017,0.0,0.002146690518783542,3.220035778175313e-05,4.42217493057251,0.5829362869262695,4.415939193872844,0.19849134116344905,0.12548307342889542,22316.9,1750.8,7924.0,801.9
70,18054540,0.00188,8.28756,3974.109,0.0,0.002504472271914132,3.756708407871198e-05,4.133928298950195,0.516765832901001,4.127244472897991,0.20057718673187405,0.12249670866034419,22323.5,1750.8,7924.0,917.5
80,20633760,0.00215,7.9937,2962.232,0.0,0.0028622540250447226,4.2933810375670835e-05,4.96540641784668,0.5860016942024231,4.9493146807687145,0.34984457144166536,0.19285847157246164,21888.9,1750.8,7924.0,1035.0
90,23212980,0.00241,7.72159,2256.545,0.0,0.0032200357781753132,4.830053667262969e-05,4.233373165130615,0.599144697189331,4.223647946436773,0.24887339283426574,0.14261982304264048,22193.9,1750.8,7924.0,1151.2
100,25792200,0.00268,7.3941,1626.357,0.0,0.0035778175313059034,5.366726296958855e-05,3.8172078132629395,0.5657950639724731,3.8064943107578446,0.24588163824919745,0.14588557247133851,22531.1,1750.8,7924.0,1265.5
110,28371420,0.00295,7.15898,1285.598,0.0,0.003935599284436494,5.9033989266547405e-05,2.771678924560547,0.4780346751213074,2.765039466126438,0.162132716750858,0.10248132959287776,22529.5,1750.8,7924.0,1379.9
120,30950640,0.00322,6.90623,998.479,0.0,0.004293381037567084,6.440071556350626e-05,2.7405004501342773,0.45478832721710205,2.731987565576407,0.18052103081682067,0.11844236135101419,22529.5,1750.8,7924.0,1494.3
130,33529860,0.00349,6.77823,878.514,0.0,0.004651162790697674,6.976744186046511e-05,2.4570605754852295,0.4324287474155426,2.44961358842013,0.15553075110604547,0.11127715697820631,22535.7,1750.8,7924.0,1624.5
140,36109080,0.00375,6.61555,746.613,0.0,0.005008944543828264,7.513416815742396e-05,2.3905296325683594,0.4380371868610382,2.3814881515007973,0.16595620118051488,0.1250411314898768,22526.7,1750.8,7924.0,1738.9
150,38688300,0.00402,6.44722,630.943,0.0,0.005366726296958855,8.050089445438281e-05,2.09917950630188,0.39188352227211,2.088799636215134,0.16485826972362178,0.12779688991155894,22531.4,1750.8,7924.0,1853.5
160,41267520,0.00429,6.30551,547.581,0.0,0.005724508050089445,8.586762075134167e-05,1.8030353784561157,0.3058665990829468,1.7915902668898012,0.1564638419307328,0.1291716235114165,22524.5,1750.8,7924.0,1967.8
170,43846740,0.00456,6.09225,442.418,0.0,0.006082289803220036,9.123434704830053e-05,1.807281732559204,0.2997156083583832,1.7937319910890073,0.16457189416905774,0.1474952850893053,22524.4,1750.8,7924.0,2082.3
180,46425960,0.00483,6.11052,450.571,0.0,0.0064400715563506265,9.660107334525938e-05,1.8775602579116821,0.41492223739624023,1.8604347434397526,0.18198434443590358,0.17593010290917405,22523.5,1750.8,7924.0,2196.7
190,49005180,0.00509,5.97532,393.595,0.0,0.006797853309481217,0.00010196779964221824,1.5890741348266602,0.3510431945323944,1.5704670170922486,0.16909825449553517,0.17390553748717558,22524.6,1750.8,7924.0,2311.1
200,51584400,0.00536,5.88912,361.087,0.0,0.007155635062611807,0.0001073345259391771,1.3488136529922485,0.3019470274448395,1.3280783733054105,0.1562137886590879,0.176483795197669,22523.2,1750.8,7924.0,2425.5
210,54163620,0.00563,5.75814,316.757,0.0,0.0075134168157423974,0.00011270125223613595,1.2393263578414917,0.30328038334846497,1.2170564554680074,0.1504127153660138,0.17927837859603435,22523.3,1750.8,7924.0,2539.9
220,56742840,0.0059,5.67124,290.396,0.0,0.007871198568872988,0.00011806797853309481,1.1187173128128052,0.24981056153774261,1.0936311222025863,0.14705299058146734,0.18432077446710446,22525.6,1750.8,7924.0,2654.5
230,59322060,0.00617,5.51382,248.096,0.0,0.008228980322003577,0.00012343470483005365,1.0710933208465576,0.30656343698501587,1.04438660450904,0.1424142160489965,0.19055527122286187,22520.5,1750.8,7924.0,2768.9
240,61901280,0.00644,5.36997,214.856,0.0,0.008586762075134168,0.0001288014311270125,1.067361831665039,0.23322716355323792,1.0406597366977803,0.1376928898106141,0.19367100034538084,22516.5,1750.8,7924.0,2883.4
250,64480500,0.0067,5.31575,203.517,0.0,0.008944543828264758,0.00013416815742397137,0.8954007625579834,0.23427340388298035,0.864089841538132,0.13458792060808075,0.19250697657961985,22516.9,1750.8,7924.0,2997.8
260,67059720,0.00697,5.19907,181.104,0.0,0.009302325581395349,0.00013953488372093022,0.7419381141662598,0.20676180720329285,0.713998352211815,0.1121591658691531,0.1678667717850629,22520.3,1750.8,7924.0,3126.0
270,69638940,0.00724,5.27337,195.072,0.0,0.00966010733452594,0.00014490161001788908,0.7191429734230042,0.24562738835811615,0.6877662835844651,0.11196022285540357,0.17805266936811726,22523.5,1750.8,7924.0,3240.4
280,72218160,0.00751,5.22574,185.999,0.0,0.010017889087656528,0.0001502683363148479,0.7434247136116028,0.2395389825105667,0.7078348313937018,0.12814069346157453,0.18788726062574543,22521.2,1750.8,7924.0,3354.9
290,74797380,0.00778,5.24608,189.82,0.0,0.010375670840787119,0.00015563506261180677,0.6544315814971924,0.1991214156150818,0.6196585510153022,0.11675642231220462,0.17537223974909116,22518.6,1750.8,7924.0,3469.4
300,77376600,0.00804,4.98686,146.475,0.0,0.01073345259391771,0.00016100178890876562,0.6811365485191345,0.2188868224620819,0.6457197599712541,0.12247044658354912,0.17929845343020445,22518.1,1750.8,7924.0,3583.9
310,79955820,0.00831,4.92517,137.712,0.0,0.0110912343470483,0.00016636851520572448,0.6570175886154175,0.21735705435276031,0.6197860980106562,0.12965300554013587,0.17567129846980797,22515.5,1750.8,7924.0,3698.3
320,82535040,0.00858,4.95781,142.282,0.0,0.01144901610017889,0.00017173524150268334,0.6423397064208984,0.22529660165309906,0.6007681213513816,0.1323836037675501,0.18494817025111934,22514.4,1750.8,7924.0,3812.8
330,85114260,0.00885,4.77076,118.009,0.0,0.011806797853309481,0.0001771019677996422,0.5211813449859619,0.17510631680488586,0.4894974344410318,0.10378933611850329,0.14610776595603292,22520.2,1750.8,7924.0,3927.2
340,87693480,0.00912,4.74551,115.067,0.0,0.012164579606440072,0.00018246869409660105,0.49704572558403015,0.18646842241287231,0.4663797034966377,0.10153677814791477,0.13919181011462117,22514.9,1750.8,7924.0,4041.6
350,90272700,0.00938,4.74919,115.49,0.0,0.012522361359570662,0.0001878354203935599,0.532946765422821,0.20335586369037628,0.49758471872469956,0.11584941676505932,0.15227696919400127,22516.0,1750.8,7924.0,4156.2
360,92851920,0.00965,4.65659,105.277,0.0,0.012880143112701253,0.00019320214669051877,0.49788275361061096,0.18697409331798553,0.46434010180673363,0.11275256665929635,0.1401346517827456,22515.5,1750.8,7924.0,4270.7
370,95431140,0.00992,4.68337,108.134,0.0,0.013237924865831844,0.00019856887298747762,0.5366910099983215,0.18507958948612213,0.49875771281676484,0.126943879563848,0.15261461871421056,22516.1,1750.8,7924.0,4385.4
380,98010360,0.01019,4.72467,112.694,0.0,0.013595706618962434,0.00020393559928443648,0.5440211892127991,0.21995103359222412,0.510113937506217,0.11932295956268855,0.14733847883087578,22505.6,1750.8,7924.0,4513.7
390,100589580,0.01046,4.77298,118.271,0.0,0.013953488372093023,0.00020930232558139534,0.45301416516304016,0.18466724455356598,0.4241279423765187,0.10069488992653658,0.12390017064049988,22513.3,1750.8,7924.0,4628.2
400,103168800,0.01073,4.5647,96.034,0.0,0.014311270125223614,0.0002146690518783542,0.45140230655670166,0.19536566734313965,0.4226314902326911,0.100805393445104,0.12316493552049504,22510.4,1750.8,7924.0,4742.7
410,105748020,0.01099,4.62495,101.998,0.0,0.014669051878354204,0.00022003577817531305,0.45361047983169556,0.1703132838010788,0.41991638177162455,0.11336172143866421,0.1291826685628483,22504.1,1750.8,7924.0,4857.2
420,108327240,0.01126,4.49651,89.704,0.0,0.015026833631484795,0.0002254025044722719,0.4121810495853424,0.17720751464366913,0.3844791478037461,0.09708202834108987,0.11294526670174437,22506.2,1750.8,7924.0,4971.9
430,110906460,0.01153,4.62446,101.947,0.0,0.015384615384615385,0.00023076923076923076,0.38228997588157654,0.16018077731132507,0.35746785640043516,0.08625106778497325,0.10507935118045665,22507.6,1750.8,7924.0,5086.4
440,113485680,0.0118,4.58351,97.858,0.0,0.015742397137745976,0.00023613595706618962,0.38661760091781616,0.17229296267032623,0.3642840439067491,0.08543628165818516,0.09823497554281686,22504.8,1750.8,7924.0,5200.9
450,116064900,0.01207,4.48669,88.827,0.0,0.016100178890876567,0.00024150268336314848,0.4113803505897522,0.1707545965909958,0.3856752787694719,0.09871236189224307,0.10458741480399875,22502.9,1750.8,7924.0,5315.4
460,118644120,0.01233,4.36439,78.601,0.0,0.016457960644007154,0.0002468694096601073,0.4338294267654419,0.17979037761688232,0.4097005971600044,0.09707003985184147,0.10580369227285534,22507.7,1750.8,7924.0,5429.9
470,121223340,0.0126,4.42823,83.783,0.0,0.016815742397137744,0.00025223613595706616,0.36780065298080444,0.18425488471984863,0.34310109019856644,0.09049320679748933,0.09745555767099538,22508.9,1750.8,7924.0,5544.4
480,123802560,0.01287,4.37131,79.147,0.0,0.017173524150268335,0.000257602862254025,0.3522215485572815,0.14311721920967102,0.3326270253610075,0.07826567515855645,0.08639605200339467,22497.1,1750.8,7924.0,5658.9
490,126381780,0.01314,4.25412,70.395,0.0,0.017531305903398926,0.0002629695885509839,0.36908191442489624,0.13355973362922668,0.3539179742993432,0.0722613036740639,0.0773708842350581,22506.8,1750.8,7924.0,5773.6
500,128961000,0.01341,4.37427,79.382,0.0,0.017889087656529516,0.00026833631484794273,0.3438437581062317,0.17087069153785706,0.32222840215900783,0.08119744454544953,0.08933348734245003,22503.5,1750.8,7924.0,5888.1
510,131540220,0.01367,4.3491,77.409,0.0,0.018246869409660107,0.0002737030411449016,0.34065142273902893,0.17849203944206238,0.31809757305366404,0.08386312750492467,0.0894362165697085,22504.5,1750.8,7924.0,6016.4
520,134119440,0.01394,4.44096,84.856,0.0,0.018604651162790697,0.00027906976744186045,0.3368563950061798,0.15551362931728363,0.31566348673451533,0.08423447771141623,0.08290427740097216,22508.5,1750.8,7924.0,6130.9
530,136698660,0.01421,4.2489,70.029,0.0,0.018962432915921288,0.0002844364937388193,0.3081612288951874,0.14420267939567566,0.28982074626350796,0.07284104789017518,0.07632659426910149,22509.4,1750.8,7924.0,6245.4
540,139277880,0.01448,4.26063,70.855,0.0,0.01932021466905188,0.00028980322003577816,0.32787400484085083,0.15727409720420837,0.3067978284230734,0.08294528214019378,0.08143101663555896,22505.1,1750.8,7924.0,6360.0
550,141857100,0.01475,4.06357,58.182,0.0,0.01967799642218247,0.000295169946332737,0.31541407108306885,0.13871248066425323,0.29696555276976005,0.0777899160366874,0.07360481557243632,22209.5,1750.8,7924.0,6474.6
560,144436320,0.01502,4.0871,59.567,0.0,0.019999999967091744,0.0002999999995063761,0.2846250534057617,0.13165345788002014,0.26600981473986185,0.07440512649816179,0.06959323952033356,22493.7,1750.8,7924.0,6589.2
570,147015540,0.01528,4.28407,72.535,0.0,0.019999996018101176,0.0002999999402715176,0.281585156917572,0.1712486743927002,0.260780606467151,0.07700182333318993,0.07377116379108367,22492.0,1750.8,7924.0,6703.7
580,149594760,0.01555,4.18683,65.814,0.0,0.019999985487462485,0.00029999978231193725,0.28557315468788147,0.14693014323711395,0.2663138294493879,0.07512728401288947,0.07145944921136319,22494.8,1750.8,7924.0,6818.3
590,152173980,0.01582,4.22122,68.117,0.0,0.019999968375183374,0.0002999995256277506,0.3235371708869934,0.14944425225257874,0.29827496989942215,0.10314576719893911,0.07240477710143257,22494.5,1750.8,7924.0,6932.9
600,154753200,0.01609,4.06644,58.349,0.0,0.019999944681276357,0.0002999991702191453,0.25717493891716003,0.14540153741836548,0.23922968618898535,0.07136743006613082,0.06279172297970959,22493.8,1750.8,7924.0,7047.5
610,157332420,0.01636,4.15413,63.697,0.0,0.019999914405758757,0.0002999987160863813,0.2723768949508667,0.1464071124792099,0.2509093233066606,0.07958144774838904,0.07164941143122244,22496.2,1750.8,7924.0,7162.0
620,159911640,0.01662,4.11258,61.104,0.0,0.01999987754865272,0.00029999816322979074,0.27235183119773865,0.1431562900543213,0.2549244715150884,0.07332342926785994,0.06300504489040622,22500.4,1750.8,7924.0,7276.7
630,162490860,0.01689,3.99862,54.523,0.0,0.019999834109985196,0.0002999975116497779,0.2734362781047821,0.12879210710525513,0.2545538751730108,0.0790334491255556,0.062091849715478487,22489.2,1750.8,7924.0,7405.2
640,165070080,0.01716,4.04993,57.394,0.0,0.01999978408978795,0.0002999967613468192,0.3022187650203705,0.1540909856557846,0.2814987530805198,0.08989229373151796,0.0644799206923793,22493.0,1750.8,7924.0,7519.7
650,167649300,0.01743,4.14804,63.31,0.0,0.019999727488097568,0.0002999959123214635,0.282063752412796,0.18955686688423157,0.2644751363348097,0.07599227552154719,0.06291638709545454,22493.9,1750.8,7924.0,7634.3
660,170228520,0.0177,4.0954,60.063,0.0,0.019999664304955433,0.0002999949645743315,0.24042083323001862,0.13839609920978546,0.2212170491283815,0.07326712821647845,0.060098298807372344,22493.6,1750.8,7924.0,7748.9
670,172807740,0.01796,4.08755,59.594,0.0,0.019999594540407763,0.0002999939181061164,0.27346116304397583,0.13710902631282806,0.2560172551974068,0.07500767962873964,0.061510948497561606,22490.5,1750.8,7924.0,7863.4
680,175386960,0.01823,4.03926,56.784,0.0,0.019999518194505565,0.0002999927729175834,0.2600744962692261,0.13252021372318268,0.23992053977469407,0.08346560088750392,0.056869573557276946,22491.0,1750.8,7924.0,7978.0
690,177966180,0.0185,3.89444,49.128,0.0,0.019999435267304674,0.0002999915290095701,0.242717906832695,0.13928374648094177,0.22472968615763889,0.07494795514976284,0.053836492679212415,22501.1,1750.8,7924.0,8092.7
700,180545400,0.01877,4.04962,57.376,0.0,0.019999345758865732,0.00029999018638298596,0.23183850944042206,0.12348795682191849,0.21590342903098012,0.0665581650410387,0.05300557907519946,22500.9,1750.8,7924.0,8207.2
710,183124620,0.01904,4.03357,56.462,0.0,0.019999249669254204,0.00029998874503881303,0.24629656970500946,0.11758209764957428,0.23054098000222847,0.06787170837237766,0.05516627980428188,22505.2,1750.8,7924.0,8321.7
720,185703840,0.01931,3.94985,51.928,0.0,0.019999146998540353,0.0002999872049781052,0.22919464111328125,0.12145313620567322,0.2129500216826029,0.06826906378268298,0.05109198530315625,22505.7,1750.8,7924.0,8436.2
730,188283060,0.01957,4.0406,56.86,0.0,0.01999903774679926,0.0002999855662019889,0.2672933042049408,0.1276625096797943,0.24668289590641337,0.08714361725866364,0.0560483045610242,22500.9,1750.8,7924.0,8550.8
740,190862280,0.01984,4.05404,57.63,0.0,0.019998921914110828,0.00029998382871166237,0.2482413500547409,0.13792580366134644,0.22914497584664464,0.07917037939874541,0.054365980122493676,22501.5,1750.8,7924.0,8665.3
750,193441500,0.02011,4.00857,55.068,0.0,0.019998799500559758,0.0002999819925083963,0.23278871178627014,0.12785440683364868,0.21135719396055283,0.08225068856370336,0.053548619124757564,22504.8,1750.8,7924.0,8779.8
760,196020720,0.02038,3.90502,49.651,0.0,0.01999867050623557,0.0002999800575935335,0.2640548646450043,0.13401642441749573,0.24873309135747357,0.07318747797758464,0.05166399894683853,22502.5,1750.8,7924.0,8908.3
770,198599940,0.02065,3.87498,48.182,0.0,0.019998534931232603,0.00029997802396848904,0.21193404495716095,0.12176331877708435,0.19506992593791433,0.0679663783859313,0.048314054851719364,22502.0,1750.8,7924.0,9022.9
780,201179160,0.02091,3.95043,51.958,0.0,0.01999839277565,0.00029997589163474993,0.24620763957500458,0.13717840611934662,0.21856052128641346,0.09964254806544053,0.05512207371058239,22500.5,1750.8,7924.0,9137.4
790,203758380,0.02118,3.79528,44.491,0.0,0.01999824403959171,0.00029997366059387564,0.22629138827323914,0.12406481057405472,0.21025431049966167,0.06760133308093039,0.050770979876384,22501.7,1750.8,7924.0,9251.9
800,206337600,0.02145,3.90869,49.833,0.0,0.019998088723166517,0.00029997133084749773,0.221891850233078,0.12957635521888733,0.20757867808360092,0.06323217209756779,0.04738662801575012,22503.7,1750.8,7924.0,9366.4
810,208916820,0.02172,3.97919,53.474,0.0,0.019997926826487992,0.00029996890239731986,0.21062909066677094,0.13454394042491913,0.19169411170785083,0.07262580153829669,0.04925590036833442,22505.8,1750.8,7924.0,9481.0
820,211496040,0.02199,3.95266,52.074,0.0,0.019997758349674537,0.000299966375245118,0.21009573340415955,0.11825152486562729,0.19519683909984734,0.06365269359056616,0.04568073210906621,22507.1,1750.8,7924.0,9595.6
830,214075260,0.02225,3.94628,51.743,0.0,0.019997583292849352,0.00029996374939274023,0.22353744506835938,0.12720173597335815,0.20436523099151713,0.07675594925298851,0.049454428717364385,22502.3,1750.8,7924.0,9710.1
840,216654480,0.02252,3.85952,47.443,0.0,0.019997401656140456,0.00029996102484210684,0.2605205178260803,0.15641281008720398,0.24447670556578732,0.07507901663180323,0.051104547817855124,22503.3,1750.8,7924.0,9824.6
850,219233700,0.02279,3.78456,44.016,0.0,0.01999721343968068,0.0002999582015952102,0.21842193603515625,0.12011262029409409,0.19905306972080788,0.07541900481973084,0.04983580444247657,22502.0,1750.8,7924.0,9939.2
860,221812920,0.02306,3.83719,46.395,0.0,0.019997018643607672,0.00029995527965411505,0.2152549922466278,0.1134720891714096,0.19946601595827404,0.06693772193640671,0.0466717874056305,22503.9,1750.8,7924.0,10053.7
870,224392140,0.02333,3.72556,41.494,0.0,0.019996817268063877,0.0002999522590209581,0.1868983656167984,0.10557027906179428,0.1723245044273989,0.05891750511569716,0.04274335131884729,22507.4,1750.8,7924.0,10168.2
880,226971360,0.0236,3.78728,44.136,0.0,0.01999660931319656,0.0002999491396979484,0.22087162733078003,0.11892065405845642,0.206397910689533,0.06482847330428895,0.04562668224974088,22505.6,1750.8,7924.0,10296.5
890,229550580,0.02386,3.69135,40.099,0.0,0.0199963947791578,0.00029994592168736703,0.21874625980854034,0.1179446280002594,0.20118169283693568,0.07309817632808696,0.04588335136982725,22508.5,1750.8,7924.0,10411.2
900,232129800,0.02413,3.69935,40.421,0.0,0.019996173666104487,0.0002999426049915673,0.23150523006916046,0.13315030932426453,0.2128001320289076,0.0791681808351376,0.04642098929004324,22505.8,1750.8,7924.0,10525.7
910,234709020,0.0244,3.82465,45.817,0.0,0.019995945974198313,0.00029993918961297467,0.21161608397960663,0.12576505541801453,0.19730539091682442,0.06236933401945828,0.04536983465294867,22504.5,1750.8,7924.0,10640.2
920,237288240,0.02467,3.79216,44.352,0.0,0.019995711703605798,0.00029993567555408693,0.1954983025789261,0.11054142564535141,0.17991334246277804,0.06293998146507747,0.04447949085988036,22508.9,1750.8,7924.0,10754.7
930,239867460,0.02494,3.65708,38.748,0.0,0.01999547085449825,0.0002999320628174737,0.18760493397712708,0.1111898124217987,0.17133703055766722,0.06245926712273119,0.04483974276576316,22506.2,1750.8,7924.0,10869.2
940,242446680,0.0252,3.64664,38.346,0.0,0.01999522342705181,0.0002999283514057771,0.2109101563692093,0.11284910142421722,0.19843623382893383,0.058682962956490343,0.0420287195008982,22504.5,1750.8,7924.0,10983.7
950,245025900,0.02547,3.78,43.816,0.0,0.019994969421447416,0.0002999245413217112,0.20385147631168365,0.11844249814748764,0.17650585523537934,0.08893018460463824,0.05072778277795757,22507.7,1750.8,7924.0,11098.2
960,247605120,0.02574,3.66756,39.156,0.0,0.019994708837870825,0.00029992063256806234,0.1970011442899704,0.12262758612632751,0.17706590379563306,0.07401867869596188,0.04514339152638122,22509.2,1750.8,7924.0,11212.9
970,250184340,0.02601,3.80788,45.055,0.0,0.019994441676512594,0.0002999166251476889,0.22557611763477325,0.12411807477474213,0.21021387751938775,0.07027978213683983,0.042952463161436555,22498.2,1750.8,7924.0,11327.4
980,252763560,0.02628,3.79875,44.645,0.0,0.019994167937568103,0.00029991251906352155,0.2488115131855011,0.11452684551477432,0.23296572032097115,0.0749621292088639,0.046883140624031545,22497.0,1750.8,7924.0,11441.9
990,255342780,0.02654,3.75809,42.867,0.0,0.019993887621237535,0.000299908314318563,0.20198501646518707,0.1158464252948761,0.18251129205272812,0.07526610254415274,0.043516523628036964,22502.2,1750.8,7924.0,11556.5
1000,257922000,0.02681,3.76173,43.023,0.0,0.01999360072772588,0.0002999040109158882,0.20240642130374908,0.11200988292694092,0.18409703285969242,0.07160983793475424,0.04494135032132874,22500.6,1750.8,7924.0,11671.0
1010,260501220,0.02708,3.76468,43.15,0.0,0.019993307257242944,0.0002998996088586441,0.19744795560836792,0.11256422847509384,0.17708423156005573,0.07567020406300903,0.04463992121155541,22505.3,1750.8,7924.0,11799.5
1020,263080440,0.02735,3.69748,40.346,0.0,0.01999300721000334,0.00029989510815005006,0.21890714764595032,0.11700858920812607,0.20395820011726198,0.06709431238248922,0.043730685095008444,22499.8,1750.8,7924.0,11914.2
1030,265659660,0.02762,3.73699,41.972,0.0,0.01999270058622649,0.0002998905087933973,0.20166537165641785,0.1199774220585823,0.17946342037700583,0.08066939948106495,0.04504873605364149,22491.7,1750.8,7924.0,12028.7
1040,268238880,0.02789,3.65477,38.658,0.0,0.01999238738613663,0.00029988581079204945,0.18751026690006256,0.1098286360502243,0.17172247545791822,0.06314748421917206,0.04184187230623065,22498.1,1750.8,7924.0,12143.3
1050,270818100,0.02815,3.6612,38.908,0.0,0.019992067609962798,0.0002998810141494419,0.19860339164733887,0.11365170031785965,0.18335378391736165,0.06473526237981551,0.04141881379065343,22501.1,1750.8,7924.0,12257.8
1060,273397320,0.02842,3.66121,38.908,0.0,0.019991741257938844,0.00029987611886908263,0.19941119849681854,0.12171508371829987,0.17737703417122938,0.07950743618311984,0.0452981776989306,22497.3,1750.8,7924.0,12372.3
1070,275976540,0.02869,3.65544,38.685,0.0,0.019991408330303433,0.00029987112495455143,0.18384306132793427,0.1060899868607521,0.1690224458795685,0.0607683010705548,0.04008339823311125,22499.8,1750.8,7924.0,12486.9
1080,278555760,0.02896,3.5597,35.152,0.0,0.019991068827300024,0.00029986603240950035,0.20472349226474762,0.12200061976909637,0.18622674514515064,0.07410942362977657,0.04262221136511526,22499.4,1750.8,7924.0,12601.4
1090,281134980,0.02923,3.66562,39.08,0.0,0.0199907227491769,0.0002998608412376535,0.2043938785791397,0.11061878502368927,0.18959438784884047,0.06562192970557833,0.04009192681423333,22489.5,1750.8,7924.0,12716.1
1100,283714200,0.02949,3.67075,39.281,0.0,0.019990370096187145,0.00029985555144280713,0.22577624022960663,0.11153765022754669,0.2066310855457,0.08008361256706922,0.044943162531090174,22491.8,1750.8,7924.0,12830.7
1110,286293420,0.02976,3.70363,40.595,0.0,0.01999001086858865,0.00029985016302882975,0.18340975046157837,0.12702971696853638,0.1641008500832935,0.06819818726002283,0.04619000610401743,22492.3,1750.8,7924.0,12945.3
1120,288872640,0.03003,3.84742,46.872,0.0,0.019989645066644125,0.00029984467599966186,0.24567167460918427,0.1130584105849266,0.22797726697376014,0.08173979753401436,0.0426412967197748,22493.1,1750.8,7924.0,13059.9
1130,291451860,0.0303,3.6476,38.382,0.0,0.019989272690621066,0.000299839090359316,0.1660621464252472,0.10521054267883301,0.1509333401957301,0.05791362627876372,0.03871350937498555,22503.3,1750.8,7924.0,13188.3
1140,294031080,0.03057,3.74104,42.142,0.0,0.0199888937407918,0.000299833406111877,0.21092034876346588,0.10967831313610077,0.18984585086465672,0.08082791929243766,0.04454296035877154,22506.1,1750.8,7924.0,13302.8
1150,296610300,0.03083,3.55716,35.063,0.0,0.019988508217433445,0.0002998276232615016,0.1990387737751007,0.10836127400398254,0.18700456705449045,0.05622438878003105,0.039617409801636985,22508.9,1750.8,7924.0,13417.3
1160,299189520,0.0311,3.69424,40.215,0.0,0.01998811612082793,0.0002998217418124189,0.18517237901687622,0.11190908402204514,0.16726361159462,0.06784281558320557,0.04236635074564547,22500.7,1750.8,7924.0,13532.0
1170,301768740,0.03137,3.58386,36.012,0.0,0.019987717451262002,0.00029981576176893,0.21245785057544708,0.105988048017025,0.20046308547281527,0.059148394240137285,0.03930177239876986,22502.6,1750.8,7924.0,13646.5
1180,304347960,0.03164,3.70214,40.534,0.0,0.0199873122090272,0.00029980968313540794,0.21132519841194153,0.1159851998090744,0.19161697261061922,0.07843076502646708,0.04311716944522323,22502.7,1750.8,7924.0,13761.0
1190,306927180,0.03191,3.70156,40.51,0.0,0.019986900394419877,0.00029980350591629813,0.19526907801628113,0.10880167782306671,0.1757076266968057,0.0747694784847304,0.04190180748036768,22497.4,1750.8,7924.0,13875.5
1200,309506400,0.03218,3.64326,38.216,0.0,0.019986482007741186,0.00029979723011611776,0.20625801384449005,0.1151813492178917,0.18903572072858227,0.0728134706925339,0.039761826483972945,22500.2,1750.8,7924.0,13990.1
1210,312085620,0.03244,3.48387,32.586,0.0,0.019986057049297096,0.00029979085573945643,0.21209277212619781,0.11208967119455338,0.1965531312227685,0.0688143245292181,0.041317279786189647,22502.0,1750.8,7924.0,14104.6
1220,314664840,0.03271,3.67515,39.454,0.0,0.019985625519398375,0.0002997843827909756,0.15561819076538086,0.10186348110437393,0.13927647542720897,0.05789608820533552,0.03881446114913051,22212.3,1750.8,7924.0,14219.3
1230,317244060,0.03298,3.63833,38.028,0.0,0.019985187418360605,0.00029977781127540903,0.18169474601745605,0.10924273729324341,0.16370041771515598,0.06705715218212861,0.04225109514597413,22495.1,1750.8,7924.0,14333.8
1240,319823280,0.03325,3.56966,35.505,0.0,0.019984742746504157,0.0002997711411975623,0.1792277991771698,0.11862140893936157,0.15231611557278807,0.08460727989970379,0.042587659784194085,22498.1,1750.8,7924.0,14448.4
1250,322402500,0.03352,3.5602,35.17,0.0,0.01998429150415422,0.00029976437256231325,0.206377774477005,0.10831935703754425,0.19213611054648363,0.06441407183163973,0.04028701605574217,22492.3,1750.8,7924.0,14563.0
1260,324981720,0.03378,3.53387,34.256,0.0,0.019983833691640786,0.0002997575053746118,0.20698772370815277,0.10609497129917145,0.1937617726171017,0.0623358556920296,0.038800824971850015,22492.4,1750.8,7924.0,14691.4
1270,327560940,0.03405,3.70025,40.457,0.0,0.019983369309298657,0.0002997505396394798,0.23002459108829498,0.10775760561227798,0.21479564407663332,0.0711297890863791,0.04259378518262329,22492.9,1750.8,7924.0,14806.0
1280,330140160,0.03432,3.53807,34.4,0.0,0.019982898357467423,0.0002997434753620113,0.17551910877227783,0.10623883455991745,0.15526549235659132,0.07220363440241656,0.039513459641711365,22493.7,1750.8,7924.0,14920.5
1290,332719380,0.03459,3.6113,37.014,0.0,0.01998242083649149,0.00029973631254737236,0.20831112563610077,0.10909142345190048,0.18815181027786915,0.08068670636093425,0.039527832230736665,22493.7,1750.8,7924.0,15035.3
1300,335298600,0.03486,3.59519,36.423,0.0,0.019981936746720077,0.00029972905120080113,0.1658438891172409,0.10883951187133789,0.14659462870591056,0.06615083899179441,0.04116591853389494,22491.7,1750.8,7924.0,15149.8
1310,337877820,0.03512,3.55414,34.958,0.0,0.019981446088507184,0.0002997216913276077,0.24490942060947418,0.10610945522785187,0.2202831723850877,0.09915812715842887,0.04213433484669207,22489.9,1750.8,7924.0,15264.5
1320,340457040,0.03539,3.56366,35.292,0.0,0.01998094886221163,0.0002997142329331744,0.1933351308107376,0.0982973501086235,0.17870493071850563,0.0639361802264188,0.03786311103330487,22488.8,1750.8,7924.0,15379.1
1330,343036260,0.03566,3.59692,36.486,0.0,0.019980445068197038,0.0002997066760229555,0.18053875863552094,0.0999077707529068,0.1684326466291483,0.053980413768307145,0.037147865900514734,22494.5,1750.8,7924.0,15493.6
1340,345615480,0.03593,3.63437,37.878,0.0,0.019979934706831827,0.00029969902060247736,0.19453011453151703,0.10636626929044724,0.15054660501564976,0.11523790532910139,0.043986937666790134,22491.3,1750.8,7924.0,15608.2
1350,348194700,0.0362,3.57985,35.868,0.0,0.019979417778489217,0.00029969126667733824,0.18792271614074707,0.1056237742304802,0.1696355879715143,0.07075037560868416,0.03996608818386941,22494.0,1750.8,7924.0,15722.8
1360,350773920,0.03647,3.59755,36.509,0.0,0.019978894283547242,0.0002996834142532086,0.224163219332695,0.12731879949569702,0.19949007007445824,0.08470406256433749,0.058194157656087556,22498.7,1750.8,7924.0,15837.5
1370,353353140,0.03673,3.50696,33.347,0.0,0.01997836422238873,0.00029967546333583097,0.1853790581226349,0.10633637756109238,0.1501192596996513,0.09952248562121205,0.04464132343154237,22499.6,1750.8,7924.0,15952.1
1380,355932360,0.037,3.491,32.819,0.0,0.01997782759540131,0.0002996674139310196,0.16058672964572906,0.11298248171806335,0.1432833762615144,0.06256400544232311,0.037311876151496885,22505.9,1750.8,7924.0,16080.5
1390,358511580,0.03727,3.61344,37.094,0.0,0.019977284402977413,0.00029965926604466115,0.18548141419887543,0.10556307435035706,0.16777772247790498,0.06944333089071651,0.03882805612543017,22505.4,1750.8,7924.0,16195.0
1400,361090800,0.03754,3.55537,35.001,0.0,0.019976734645514277,0.0002996510196827141,0.1923658400774002,0.10157301276922226,0.1782961920537262,0.06110673686695559,0.03957754678031834,22502.8,1750.8,7924.0,16309.5
1410,363670020,0.03781,3.58579,36.082,0.0,0.01997617832341393,0.0002996426748512089,0.18608853220939636,0.10046408325433731,0.1716883461382328,0.061259513967179574,0.03812156986574179,22499.7,1750.8,7924.0,16424.0
1420,366249240,0.03807,3.51122,33.489,0.0,0.019975615437083215,0.0002996342315562482,0.1728474348783493,0.09550957381725311,0.15992499857444398,0.0549580608852227,0.03666381887981176,22501.4,1750.8,7924.0,16538.6
1430,368828460,0.03834,3.58197,35.944,0.0,0.01997504598693376,0.0002996256898040064,0.16433361172676086,0.10285045206546783,0.14323589896372788,0.07075776439342367,0.03909395143123477,22495.6,1750.8,7924.0,16653.3
1440,371407680,0.03861,3.53581,34.323,0.0,0.01997446997338201,0.0002996170496007301,0.2005130797624588,0.11599692702293396,0.18826379150273106,0.05775696837319907,0.038901566856356685,22498.0,1750.8,7924.0,16767.8
1450,373986900,0.03888,3.58794,36.159,0.0,0.01997388739684919,0.0002996083109527378,0.18176238238811493,0.10198148339986801,0.16609688143795498,0.06363357731712183,0.038330545088480876,22493.0,1750.8,7924.0,16882.4
1460,376566120,0.03915,3.59921,36.569,0.0,0.019973298257761344,0.0002995994738664201,0.2237502783536911,0.10501710325479507,0.21036262331759395,0.06635324501696842,0.03878678470277103,22496.4,1750.8,7924.0,16996.9
1470,379145340,0.03941,3.58729,36.136,0.0,0.0199727025565493,0.0002995905383482395,0.18066252768039703,0.0987912118434906,0.16400519431179647,0.06661435234319969,0.03706950758564757,22490.5,1750.8,7924.0,17111.5
1480,381724560,0.03968,3.51841,33.731,0.0,0.019972100293648695,0.00029958150440473043,0.18794333934783936,0.10923060774803162,0.16027893733355345,0.08916348491279928,0.041956031171196895,22493.9,1750.8,7924.0,17226.1
1490,384303780,0.03995,3.64518,38.29,0.0,0.01997149146949996,0.00029957237204249936,0.2004159390926361,0.11055916547775269,0.17789713890522094,0.08361596738733044,0.04006015288952745,22203.5,1750.8,7924.0,17340.8
1500,386883000,0.04022,3.52369,33.909,0.0,0.019970876084548325,0.00029956314126822485,0.1944057047367096,0.10708841681480408,0.17835328995264604,0.06782807508205414,0.03818860568650211,22501.4,1750.8,7924.0,17455.3
1510,389462220,0.04049,3.66076,38.891,0.0,0.019970254139243814,0.00029955381208865715,0.1960880160331726,0.10377658903598785,0.18033363120494197,0.06650601088273653,0.040109484481930434,22388.2,1750.8,7924.0,17584.3
1520,392041440,0.04076,3.53318,34.233,0.0,0.019969625634041255,0.00029954438451061877,0.16692286729812622,0.10763880610466003,0.13752629880509146,0.08464766231316018,0.04289958737176817,22432.3,1750.8,7924.0,17699.7
1530,394620660,0.04102,3.49259,32.871,0.0,0.019968990569400272,0.00029953485854100403,0.42261940240859985,0.2666313052177429,0.3890003143940224,0.12864046732645953,0.10460365957677223,22327.4,1750.8,7924.0,17814.9
